{"mean":{"confidence_interval":{"confidence_level":0.95,"lower_bound":2713221.389092105,"upper_bound":2752225.5411842107},"point_estimate":2731023.9247368425,"standard_error":10008.489552629602},"median":{"confidence_interval":{"confidence_level":0.95,"lower_bound":2700308.736842105,"upper_bound":2718739.263157895},"point_estimate":2704424.6315789474,"standard_error":4867.857015675487},"median_abs_dev":{"confidence_interval":{"confidence_level":0.95,"lower_bound":14759.828959013214,"upper_bound":35646.46329346413},"point_estimate":22024.022608995438,"standard_error":5382.3133519466155},"slope":null,"std_dev":{"confidence_interval":{"confidence_level":0.95,"lower_bound":58093.54173255798,"upper_bound":140739.78137301886},"point_estimate":100245.68274661689,"standard_error":21772.35388894772}}