{"mean":{"confidence_interval":{"confidence_level":0.95,"lower_bound":2739501.39,"upper_bound":2756533.8629868426},"point_estimate":2748303.6868421054,"standard_error":4331.778204654619},"median":{"confidence_interval":{"confidence_level":0.95,"lower_bound":2744683.052631579,"upper_bound":2761491.078947368},"point_estimate":2752467.8157894737,"standard_error":4553.563775838312},"median_abs_dev":{"confidence_interval":{"confidence_level":0.95,"lower_bound":26065.746200398866,"upper_bound":44018.5804943035},"point_estimate":37251.14367023918,"standard_error":4482.760709699795},"slope":null,"std_dev":{"confidence_interval":{"confidence_level":0.95,"lower_bound":32808.70572111387,"upper_bound":53385.81955072171},"point_estimate":43614.377742719545,"standard_error":5290.067428333817}}