{"mean":{"confidence_interval":{"confidence_level":0.95,"lower_bound":2898895.3089861106,"upper_bound":2911869.4644722226},"point_estimate":2905598.5255555566,"standard_error":3287.4221867339434},"median":{"confidence_interval":{"confidence_level":0.95,"lower_bound":2900268.4444444445,"upper_bound":2905494.388888889},"point_estimate":2902022.361111111,"standard_error":1222.053351475651},"median_abs_dev":{"confidence_interval":{"confidence_level":0.95,"lower_bound":8301.036069293856,"upper_bound":17530.550372104273},"point_estimate":11711.757308741795,"standard_error":2382.0354500436674},"slope":null,"std_dev":{"confidence_interval":{"confidence_level":0.95,"lower_bound":23318.085531261455,"upper_bound":42646.15744597328},"point_estimate":33079.15911815813,"standard_error":4993.722865758432}}