{"mean":{"confidence_interval":{"confidence_level":0.95,"lower_bound":265099.8328482168,"upper_bound":267497.19463704637},"point_estimate":266315.05711355404,"standard_error":613.9237913469559},"median":{"confidence_interval":{"confidence_level":0.95,"lower_bound":267065.4408482143,"upper_bound":268210.56408045976},"point_estimate":267910.79939516133,"standard_error":336.43613834217416},"median_abs_dev":{"confidence_interval":{"confidence_level":0.95,"lower_bound":1906.5778170384444,"upper_bound":6142.748077078055},"point_estimate":4098.1564411866975,"standard_error":1176.6653267220788},"slope":{"confidence_interval":{"confidence_level":0.95,"lower_bound":267620.80338289205,"upper_bound":269650.71845218353},"point_estimate":268605.49720925075,"standard_error":516.8444756112038},"std_dev":{"confidence_interval":{"confidence_level":0.95,"lower_bound":5120.595960573441,"upper_bound":7104.433022586533},"point_estimate":6174.582517207679,"standard_error":507.17248466118326}}