{"mean":{"confidence_interval":{"confidence_level":0.95,"lower_bound":2777172.2827777793,"upper_bound":2791609.375625001},"point_estimate":2784189.475000001,"standard_error":3693.1204179995498},"median":{"confidence_interval":{"confidence_level":0.95,"lower_bound":2769070.777777778,"upper_bound":2780090.388888889},"point_estimate":2775554.027777778,"standard_error":2978.1789793026787},"median_abs_dev":{"confidence_interval":{"confidence_level":0.95,"lower_bound":12320.899981260185,"upper_bound":24073.51115594292},"point_estimate":18427.811639507767,"standard_error":2929.950105387608},"slope":null,"std_dev":{"confidence_interval":{"confidence_level":0.95,"lower_bound":27407.80406775077,"upper_bound":46182.24617531863},"point_estimate":37051.52853310345,"standard_error":4827.1873800739895}}