{"mean":{"confidence_interval":{"confidence_level":0.95,"lower_bound":10706353765.477499,"upper_bound":11665643373.4},"point_estimate":11183922823.6,"standard_error":245563724.61228687},"median":{"confidence_interval":{"confidence_level":0.95,"lower_bound":10443828752.0,"upper_bound":11976913912.0},"point_estimate":11056219321.0,"standard_error":491956792.86741024},"median_abs_dev":{"confidence_interval":{"confidence_level":0.95,"lower_bound":177928538.209337,"upper_bound":1267682997.589928},"point_estimate":1117981758.8572562,"standard_error":315424498.4890474},"slope":null,"std_dev":{"confidence_interval":{"confidence_level":0.95,"lower_bound":550771658.1373938,"upper_bound":933855895.3986744},"point_estimate":820398813.5837529,"standard_error":98060746.74973106}}