{"mean":{"confidence_interval":{"confidence_level":0.95,"lower_bound":2831535.397361111,"upper_bound":2841810.625166665},"point_estimate":2836589.9394444446,"standard_error":2626.942027241173},"median":{"confidence_interval":{"confidence_level":0.95,"lower_bound":2831490.6666666665,"upper_bound":2838093.277777778},"point_estimate":2834789.027777778,"standard_error":1464.885678865826},"median_abs_dev":{"confidence_interval":{"confidence_level":0.95,"lower_bound":14857.587352891685,"upper_bound":24902.572824557545},"point_estimate":19551.869519551863,"standard_error":2368.9257409810525},"slope":null,"std_dev":{"confidence_interval":{"confidence_level":0.95,"lower_bound":20405.051186854616,"upper_bound":32274.267326405832},"point_estimate":26331.012007507645,"standard_error":3050.350517245811}}