{"mean":{"confidence_interval":{"confidence_level":0.95,"lower_bound":77508688.925,"upper_bound":85266939.69},"point_estimate":81371602.57,"standard_error":1992782.8335524357},"median":{"confidence_interval":{"confidence_level":0.95,"lower_bound":62367222.0,"upper_bound":98936159.5},"point_estimate":98287248.5,"standard_error":15945253.505800454},"median_abs_dev":{"confidence_interval":{"confidence_level":0.95,"lower_bound":4801009.349665046,"upper_bound":30468163.031029433},"point_estimate":7847588.468277454,"standard_error":6472443.27083101},"slope":null,"std_dev":{"confidence_interval":{"confidence_level":0.95,"lower_bound":19349330.891302805,"upper_bound":20347590.49761514},"point_estimate":19998906.91003811,"standard_error":252206.1458742141}}