{"mean":{"confidence_interval":{"confidence_level":0.95,"lower_bound":2830230.28611111,"upper_bound":2851841.931013889},"point_estimate":2841647.6066666655,"standard_error":5523.8286240895795},"median":{"confidence_interval":{"confidence_level":0.95,"lower_bound":2840441.6666666665,"upper_bound":2851768.388888889},"point_estimate":2844911.611111111,"standard_error":2786.0103520123944},"median_abs_dev":{"confidence_interval":{"confidence_level":0.95,"lower_bound":21228.648906449438,"upper_bound":36485.87931891298},"point_estimate":30157.442514598486,"standard_error":4020.120689717034},"slope":null,"std_dev":{"confidence_interval":{"confidence_level":0.95,"lower_bound":37761.83080951976,"upper_bound":70218.8980524174},"point_estimate":55278.32378100741,"standard_error":8317.691955236465}}