{"mean":{"confidence_interval":{"confidence_level":0.95,"lower_bound":2750683.3603026313,"upper_bound":2768882.3473684206},"point_estimate":2760307.251052631,"standard_error":4637.446571688353},"median":{"confidence_interval":{"confidence_level":0.95,"lower_bound":2755165.052631579,"upper_bound":2766464.3157894737},"point_estimate":2760037.8157894737,"standard_error":2471.4993876108524},"median_abs_dev":{"confidence_interval":{"confidence_level":0.95,"lower_bound":15140.545025938798,"upper_bound":27775.88625424805},"point_estimate":21068.330862804334,"standard_error":3199.9306587242354},"slope":null,"std_dev":{"confidence_interval":{"confidence_level":0.95,"lower_bound":31131.10176607402,"upper_bound":58714.864474275026},"point_estimate":46334.56455846808,"standard_error":7003.046477064628}}