{"mean":{"confidence_interval":{"confidence_level":0.95,"lower_bound":2743104.056444444,"upper_bound":2754140.780958333},"point_estimate":2747987.0294444435,"standard_error":2832.2252769605016},"median":{"confidence_interval":{"confidence_level":0.95,"lower_bound":2739551.5,"upper_bound":2742985.583333333},"point_estimate":2741527.9166666665,"standard_error":952.618563313516},"median_abs_dev":{"confidence_interval":{"confidence_level":0.95,"lower_bound":5493.733019133448,"upper_bound":10925.691039363504},"point_estimate":8183.375288049572,"standard_error":1472.211322153427},"slope":null,"std_dev":{"confidence_interval":{"confidence_level":0.95,"lower_bound":14363.543792891516,"upper_bound":42199.85084705541},"point_estimate":28510.201676121746,"standard_error":7762.716425275104}}